{"cameraMode":{"drawMode":0,"name":"Shaded","section":"Shading Mode"},"sceneLighting":true,"audioPlay":false,"sceneViewState":{"showFog":true,"showMaterialUpdate":false,"showSkybox":true,"showFlares":true,"showImageEffects":true,"showParticleSystems":true},"in2DMode":false,"pivot":{"x":657.8176879882813,"y":391.07354736328127,"z":-801.5587768554688},"rotation":{"x":0.0035106383729726078,"y":-0.625592052936554,"z":0.0028152044396847488,"w":0.7801372408866882},"size":19.971004486083986,"orthographic":false}