{"cameraMode":{"drawMode":0,"name":"Shaded","section":"Shading Mode"},"sceneLighting":true,"audioPlay":false,"sceneViewState":{"showFog":true,"showMaterialUpdate":false,"showSkybox":true,"showFlares":true,"showImageEffects":true,"showParticleSystems":true},"in2DMode":false,"pivot":{"x":350.1893615722656,"y":34.097286224365237,"z":-54.871612548828128},"rotation":{"x":-0.00030958731076680124,"y":-0.011402842588722706,"z":0.000003379695044714026,"w":-0.9999361038208008},"size":416.98175048828127,"orthographic":false}